{"Train Loss": 0.6377102546921533, "Valid Loss": 0.6416739944695751, "_timestamp": 1704412389.3985476, "_runtime": 58.11050868034363, "_step": 0, "_wandb": {"runtime": 57}}